id,latitude,longitude,bright_ti4,scan,track,acq_date,acq_time,satelite,confidence,version,bright_ti5,frp,daynight,departamento,municipio,lugarp_latitud,lugarp_longitud,lugarp_departamento,lugarp_municipio,lugarp_lugar,lugarp_categoria,tiempo_activo,visible,volcan,nvolcan,tipo_suelo,fecha_utc
173334,14.74055,-91.56488,305.29,0.34,0.56,2026-10-10,0822,N20,nominal,2.0NRT,274.7,1.42,N,Quetzaltenango,El Palmar,14.77331479727794,-91.5550714680634,Quetzaltenango,Quetzaltenango,Chuipach,Otra,25,1,1,Volcán Santiaguito,Bosque,2026-10-10 08:22:00+00:00
173335,15.30562,-89.90376,333.17,0.42,0.38,2026-10-10,1930,N20,nominal,2.0NRT,297.43,3.02,D,Alta Verapaz,Santa Catalina La Tinta,15.296086085590444,-89.90026389992741,Baja Verapaz,Purulha,Matucuy I,Caserio,3,1,0,,Agricultura anual,2026-10-10 19:30:00+00:00
173336,16.02221,-89.78473,331.89,0.43,0.38,2026-10-10,1930,N20,nominal,2.0NRT,293.36,2.64,D,Alta Verapaz,Fray Bartolomé De Las Casas,16.03028561549853,-89.80698824257725,Peten,San Luis,La Laguna Rosatitlan,Caserio,3,1,0,,Vegetación arbistiva baja (guamil-matorral),2026-10-10 19:30:00+00:00
173337,16.17462,-89.65134,329.96,0.44,0.38,2026-10-10,1930,N20,nominal,2.0NRT,293.73,1.55,D,Petén,San Luis,16.160893090342608,-89.63908199794527,Peten,San Luis,Nueva Cadenita,Caserio,3,1,0,,Bosque,2026-10-10 19:30:00+00:00
173338,16.17548,-89.65107,329.67,0.44,0.38,2026-10-10,1930,N20,nominal,2.0NRT,293.78,1.84,D,Petén,San Luis,16.160893090342608,-89.63908199794527,Peten,San Luis,Nueva Cadenita,Caserio,3,1,0,,Bosque,2026-10-10 19:30:00+00:00
173339,16.22442,-89.34711,336.55,0.45,0.39,2026-10-10,1930,N20,nominal,2.0NRT,297.78,3.83,D,Petén,San Luis,16.23559731282797,-89.34942286464054,Peten,San Luis,La Trece,Caserio,3,1,0,,Pastizales,2026-10-10 19:30:00+00:00
173340,16.43784,-90.3005,331.84,0.42,0.37,2026-10-10,1930,N20,nominal,2.0NRT,285.92,5.0,D,Petén,Sayaxché,16.42761990483555,-90.29790995764743,Peten,Sayaxche,Nacimiento,Caserio,3,1,0,,Cuerpos de agua,2026-10-10 19:30:00+00:00
173341,16.70362,-90.30085,327.26,0.42,0.37,2026-10-10,1930,N20,nominal,2.0NRT,276.91,1.7,D,Petén,Las Cruces,16.690898292852914,-90.2942492517323,Peten,La Libertad,Las Tres Marias,Paraje,3,1,0,,Pastizales,2026-10-10 19:30:00+00:00
173342,16.79843,-90.41939,333.38,0.41,0.37,2026-10-10,1930,N20,nominal,2.0NRT,288.17,3.1,D,Petén,Las Cruces,16.86447176883183,-90.42892365384311,Peten,La Libertad,La Mula,Parcelamiento,3,1,0,,Pastizales,2026-10-10 19:30:00+00:00
173343,16.82337,-90.46622,339.93,0.41,0.37,2026-10-10,1930,N20,nominal,2.0NRT,290.11,5.21,D,Petén,Las Cruces,16.869197518985356,-90.46198048082746,Peten,La Libertad,Tierra Linda,Caserio,3,1,0,,Pastizales,2026-10-10 19:30:00+00:00
